id,age,height_2023,height_2024
1,25,180,178
2,27,156,190
3,22,134,145
4,24,157,134
5,28,189,176
6,32,188,199
7,36,123,123
8,34,111,155
9,33,155,178
10,32,164,167
11,45,144,155
12,43,141.3818182,187
13,42,139.1727273,155
14,48,136.9636364,139
15,65,134.7545455,177
16,43,132.5454545,155
17,55,130.3363636,176
18,67,128.1272727,189
19,66,125.9181818,192
20,87,123.7090909,122